Category,Question,Answer
General,What is this portal used for?,"This portal is designed to provide users with access to information, services, and tools in a centralized web-based environment."
Account,How do I create an account?,"Click on the ""Sign Up"" button on the top right corner and fill in the required details to create an account."
Account,I forgot my password. What should I do?,"Click on ""Forgot Password"" on the login page and follow the instructions to reset your password."
Technical,What browsers are supported?,"The portal supports the latest versions of Chrome, Firefox, Safari, and Microsoft Edge."
Security,Is my data secure on this portal?,"Yes, we use encryption and follow industry best practices to protect your data."
Support,How can I contact support?,"You can contact support via the ""Help"" section or email us at support@example.com."
Features,What features are available on the portal?,"Users can access dashboards, manage profiles, view analytics, and connect with other users depending on their role and access level."
Billing,Is there any cost associated with using the portal?,"Basic access is free. Premium features may require a subscription. Check the ""Pricing"" section for details."
Customization,Can I customize my user interface?,"Yes, users can adjust themes and dashboard widgets in the ""Settings"" section."
Notifications,How do I manage email or SMS notifications?,"Go to your account settings and modify your notification preferences."
